-- LOCATIONS
INSERT INTO locations ( city, country) VALUES ( 'Sainte HuguesBourg', 'Comores');
INSERT INTO locations ( city, country) VALUES ( 'Carlier', 'Grèce');
INSERT INTO locations ( city, country) VALUES ( 'Bourdon', 'Guinée-Bissau');
INSERT INTO locations ( city, country) VALUES ( 'Sainte Dorothéedan', 'Burkina Faso');
INSERT INTO locations ( city, country) VALUES ( 'Gomez', 'Mauritanie');
-- USERS
INSERT INTO users (
                last_name, first_name, username, password, mail, phone_numb, birthday, location_id
            ) VALUES (
             'Vallée', 'Suzanne', 'suzanne1', '#KfMo6tbq0',
                'suzanne1@example.com', '+33 (0)8 00 21 84 13', '1973-06-25', '1'
            );
INSERT INTO users (
                last_name, first_name, username, password, mail, phone_numb, birthday, location_id
            ) VALUES (
             'Rémy', 'Théodore', 'théodore2', '(73vRvr46w',
                'théodore2@example.com', '+33 4 86 88 62 25', '1985-04-16', '2'
            );
INSERT INTO users (
                 last_name, first_name, username, password, mail, phone_numb, birthday, location_id
            ) VALUES (
                'Sanchez', 'Alexandre', 'alexandre3', '$qCTlBOQJ1',
                'alexandre3@example.com', '0173719779', '1977-06-06', '3'
            );
INSERT INTO users (
                last_name, first_name, username, password, mail, phone_numb, birthday, location_id
            ) VALUES (
                'Verdier', 'Claire', 'claire4', 'WEfAWoWB@5',
                'claire4@example.com', '0315462469', '2005-08-12', '4'
            );
INSERT INTO users (
                last_name, first_name, username, password, mail, phone_numb, birthday, location_id
            ) VALUES (
                 'Le Roux', 'Rémy', 'rémy5', 'Gp^9)CeczF',
                'rémy5@example.com', '03 21 83 26 73', '1978-06-24', '4'
            );
INSERT INTO users (
                last_name, first_name, username, password, mail, phone_numb, birthday, location_id
            ) VALUES (
                 'Auger', 'Océane', 'océane6', '6vyTlV5l%l',
                'océane6@example.com', '+33 (0)8 07 53 43 82', '1995-04-06', '3'
            );
INSERT INTO users (
                 last_name, first_name, username, password, mail, phone_numb, birthday, location_id
            ) VALUES (
                 'Diaz', 'Charlotte', 'charlotte7', '^2%MaDtWqz',
                'charlotte7@example.com', '0533026345', '2001-10-08', '3'
            );
INSERT INTO users (
                last_name, first_name, username, password, mail, phone_numb, birthday, location_id
            ) VALUES (
                'Collet', 'Anaïs', 'anaïs8', '^4Il^Ed^hy',
                'anaïs8@example.com', '05 61 28 31 86', '1996-01-14', '3'
            );
INSERT INTO users (
                last_name, first_name, username, password, mail, phone_numb, birthday, location_id
            ) VALUES (
                'Lévêque', 'Lucas', 'lucas9', 'u9jLe1Ia$S',
                'lucas9@example.com', '08 05 55 56 80', '1978-12-29', '3'
            );
INSERT INTO users (
                last_name, first_name, username, password, mail, phone_numb, birthday, location_id
            ) VALUES (
                'Chauvin', 'Geneviève', 'geneviève10', '3W6SvuvN@7',
                'geneviève10@example.com', '0385517650', '1973-07-16', '2'
            );
INSERT INTO users (
                 last_name, first_name, username, password, mail, phone_numb, birthday, location_id
            ) VALUES (
                 'Weiss', 'Océane', 'océane11', '!+85Rt3Hz^',
                'océane11@example.com', '+33 1 70 14 14 24', '1987-12-08', '2'
            );
INSERT INTO users (
                 last_name, first_name, username, password, mail, phone_numb, birthday, location_id
            ) VALUES (
                 'Ferreira', 'Denise', 'denise12', 'dHt4VN8r$C',
                'denise12@example.com', '0188629772', '1991-06-11', '2'
            );
INSERT INTO users (
                 last_name, first_name, username, password, mail, phone_numb, birthday, location_id
            ) VALUES (
                 'Pichon', 'Michèle', 'michèle13', '$%1jPRte#q',
                'michèle13@example.com', '+33 6 58 27 37 96', '1986-01-28', '1'
            );
INSERT INTO users (
                last_name, first_name, username, password, mail, phone_numb, birthday, location_id
            ) VALUES (
                'Fischer', 'Sabine', 'sabine14', '3VQA6BDd#(',
                'sabine14@example.com', '0590967089', '2002-05-23', '1'
            );
INSERT INTO users (
                 last_name, first_name, username, password, mail, phone_numb, birthday, location_id
            ) VALUES (
                 'Martinez', 'Laurent', 'laurent15', '*92L)Cpa2q',
                'laurent15@example.com', '+33 (0)6 53 23 53 01', '1968-12-29', '1'
            );
INSERT INTO users (
                 last_name, first_name, username, password, mail, phone_numb, birthday, location_id
            ) VALUES (
                'Renault', 'Gilles', 'gilles16', '82QQ8MNg^y',
                'gilles16@example.com', '0591563166', '1973-08-24', '1'
            );
INSERT INTO users (
                last_name, first_name, username, password, mail, phone_numb, birthday, location_id
            ) VALUES (
                 'Maréchal', 'Stéphanie', 'stéphanie17', '0502&Anr^H',
                'stéphanie17@example.com', '+33 (0)5 81 34 92 15', '1991-05-07', '1'
            );
INSERT INTO users (
                 last_name, first_name, username, password, mail, phone_numb, birthday, location_id
            ) VALUES (
                'Monnier', 'Anaïs', 'anaïs18', 'z*fW68UevX',
                'anaïs18@example.com', '03 24 10 58 00', '1996-06-24', '1'
            );
INSERT INTO users (
                 last_name, first_name, username, password, mail, phone_numb, birthday, location_id
            ) VALUES (
                'Mahe', 'Gabriel', 'gabriel19', '^(9sWj3urz',
                'gabriel19@example.com', '01 37 49 73 90', '1975-12-09', '1'
            );
INSERT INTO users (
                 last_name, first_name, username, password, mail, phone_numb, birthday, location_id
            ) VALUES (
                'Evrard', 'Amélie', 'amélie20', ')3LApl&Nl7',
                'amélie20@example.com', '06 60 46 07 11', '1968-07-22', '1'
            );
INSERT INTO users (
                 last_name, first_name, username, password, mail, phone_numb, birthday, location_id
            ) VALUES (
             'Humbert', 'Adélaïde', 'adélaïde21', '@h#P(hspW9',
                'adélaïde21@example.com', '0146437671', '1990-10-24', '4'
            );
INSERT INTO users (
                last_name, first_name, username, password, mail, phone_numb, birthday, location_id
            ) VALUES (
                 'Carpentier', 'Alexandrie', 'alexandrie22', '*R7Yb2N8vP',
                'alexandrie22@example.com', '08 02 88 91 10', '1997-12-23', '4'
            );
INSERT INTO users (
                 last_name, first_name, username, password, mail, phone_numb, birthday, location_id
            ) VALUES (
                 'Lacroix', 'Éléonore', 'éléonore23', '2J5qvN)g@9',
                'éléonore23@example.com', '0158776359', '1996-02-12', '4'
            );
INSERT INTO users (
                 last_name, first_name, username, password, mail, phone_numb, birthday, location_id
            ) VALUES (
                'Auger', 'Sylvie', 'sylvie24', 'n*1FQRP#Zz',
                'sylvie24@example.com', '0168931864', '1984-07-12', '3'
            );
INSERT INTO users (
                 last_name, first_name, username, password, mail, phone_numb, birthday, location_id
            ) VALUES (
                 'Benoit', 'Jacqueline', 'jacqueline25', '&AvZCxs258',
                'jacqueline25@example.com', '0185248842', '1994-08-26', '3'
            );
INSERT INTO users (
                 last_name, first_name, username, password, mail, phone_numb, birthday, location_id
            ) VALUES (
                 'Gros', 'Gabriel', 'gabriel26', 'O9R%3EYr$V',
                'gabriel26@example.com', '+33 1 29 88 41 90', '1985-04-21', '3'
            );
INSERT INTO users (
                 last_name, first_name, username, password, mail, phone_numb, birthday, location_id
            ) VALUES (
                 'Cohen', 'Xavier', 'xavier27', '#94Q#Yo$6%',
                'xavier27@example.com', '+33 1 71 08 41 30', '1982-01-23', '3'
            );
INSERT INTO users (
                 last_name, first_name, username, password, mail, phone_numb, birthday, location_id
            ) VALUES (
                 'Lebrun', 'Guillaume', 'guillaume28', '1U9RDz&J+*',
                'guillaume28@example.com', '+33 4 09 58 27 26', '1970-12-10', '3'
            );
INSERT INTO users (
             last_name, first_name, username, password, mail, phone_numb, birthday, location_id
            ) VALUES (
                 'Valentin', 'Aurélie', 'aurélie29', 'a1sc6P%j^B',
                'aurélie29@example.com', '+33 (0)5 02 68 97 91', '1994-04-27', '3'
            );
INSERT INTO users (
                 last_name, first_name, username, password, mail, phone_numb, birthday, location_id
            ) VALUES (
                 'Briand', 'Thérèse', 'thérèse30', '@24B47Ose#',
                'thérèse30@example.com', '06 04 85 40 45', '1969-09-17', '2'
            );

-- TRAVEL GROUPS
INSERT INTO travel_groups ( name, created_at) VALUES ( 'Voyage Fidji (République des)', '2025-10-23T10:30:06.443958');
INSERT INTO travel_groups ( name, created_at) VALUES ( 'Voyage Colombie', '2025-10-23T10:30:06.443968');
INSERT INTO travel_groups ( name, created_at) VALUES ( 'Voyage Tadjikistan', '2025-10-23T10:30:06.443975');
INSERT INTO travel_groups ( name, created_at) VALUES ( 'Voyage Chypre', '2025-10-23T10:30:06.443981');
INSERT INTO travel_groups ( name, created_at) VALUES ( 'Voyage Trinité et Tobago', '2025-10-23T10:30:06.443987');
-- GROUP MEMBERSHIPS
INSERT INTO group_memberships (group_id, user_id) VALUES (1, 7);
INSERT INTO group_memberships (group_id, user_id) VALUES (1, 13);
INSERT INTO group_memberships (group_id, user_id) VALUES (1, 20);
INSERT INTO group_memberships (group_id, user_id) VALUES (1, 21);
INSERT INTO group_memberships (group_id, user_id) VALUES (1, 28);
INSERT INTO group_memberships (group_id, user_id) VALUES (2, 3);
INSERT INTO group_memberships (group_id, user_id) VALUES (2, 4);
INSERT INTO group_memberships (group_id, user_id) VALUES (2, 6);
INSERT INTO group_memberships (group_id, user_id) VALUES (2, 11);
INSERT INTO group_memberships (group_id, user_id) VALUES (2, 24);
INSERT INTO group_memberships (group_id, user_id) VALUES (2, 26);
INSERT INTO group_memberships (group_id, user_id) VALUES (2, 27);
INSERT INTO group_memberships (group_id, user_id) VALUES (2, 29);
INSERT INTO group_memberships (group_id, user_id) VALUES (3, 8);
INSERT INTO group_memberships (group_id, user_id) VALUES (3, 11);
INSERT INTO group_memberships (group_id, user_id) VALUES (3, 12);
INSERT INTO group_memberships (group_id, user_id) VALUES (3, 13);
INSERT INTO group_memberships (group_id, user_id) VALUES (3, 17);
INSERT INTO group_memberships (group_id, user_id) VALUES (3, 19);
INSERT INTO group_memberships (group_id, user_id) VALUES (3, 20);
INSERT INTO group_memberships (group_id, user_id) VALUES (3, 22);
INSERT INTO group_memberships (group_id, user_id) VALUES (3, 23);
INSERT INTO group_memberships (group_id, user_id) VALUES (3, 25);
INSERT INTO group_memberships (group_id, user_id) VALUES (3, 27);
INSERT INTO group_memberships (group_id, user_id) VALUES (3, 29);
INSERT INTO group_memberships (group_id, user_id) VALUES (4, 6);
INSERT INTO group_memberships (group_id, user_id) VALUES (4, 10);
INSERT INTO group_memberships (group_id, user_id) VALUES (4, 30);
INSERT INTO group_memberships (group_id, user_id) VALUES (5, 1);
INSERT INTO group_memberships (group_id, user_id) VALUES (5, 2);
INSERT INTO group_memberships (group_id, user_id) VALUES (5, 3);
INSERT INTO group_memberships (group_id, user_id) VALUES (5, 5);
INSERT INTO group_memberships (group_id, user_id) VALUES (5, 9);
INSERT INTO group_memberships (group_id, user_id) VALUES (5, 14);
INSERT INTO group_memberships (group_id, user_id) VALUES (5, 15);
INSERT INTO group_memberships (group_id, user_id) VALUES (5, 16);
INSERT INTO group_memberships (group_id, user_id) VALUES (5, 18);
INSERT INTO group_memberships (group_id, user_id) VALUES (5, 22);
INSERT INTO group_memberships (group_id, user_id) VALUES (5, 26);
-- VOYAGE
INSERT INTO voyages (object_type, object_id, destination, budget_total, duration_days, start_date)
VALUES
('users', 1, 'Berlin', 950.00, 4, '2025-11-12'),
('users', 2, 'Madrid', 820.00, 5, '2025-11-20'),
('users', 3, 'Vienne', 1100.00, 6, '2025-12-01'),
('travel_groups', 1, 'Amsterdam', 3000.00, 5, '2025-12-15'),
('travel_groups', 2, 'Stockholm', 3500.00, 7, '2025-12-20'),
('travel_groups', 3, 'Bruxelles', 2800.00, 4, '2026-01-05'),
('travel_groups', 4, 'Copenhague', 4000.00, 6, '2026-01-10'),
('travel_groups', 5, 'Dubrovnik', 3700.00, 8, '2026-01-15');
-- FRIENDS
INSERT INTO friends (user_id, friend_id) VALUES (2, 1);
INSERT INTO friends (user_id, friend_id) VALUES (1, 3);
INSERT INTO friends (user_id, friend_id) VALUES (1, 15);
INSERT INTO friends (user_id, friend_id) VALUES (2, 11);
INSERT INTO friends (user_id, friend_id) VALUES (3, 6);
INSERT INTO friends (user_id, friend_id) VALUES (3, 12);
INSERT INTO friends (user_id, friend_id) VALUES (3, 30);
INSERT INTO friends (user_id, friend_id) VALUES (4, 10);
INSERT INTO friends (user_id, friend_id) VALUES (4, 12);
INSERT INTO friends (user_id, friend_id) VALUES (4, 16);
INSERT INTO friends (user_id, friend_id) VALUES (5, 27);
INSERT INTO friends (user_id, friend_id) VALUES (6, 14);
INSERT INTO friends (user_id, friend_id) VALUES (6, 20);
INSERT INTO friends (user_id, friend_id) VALUES (6, 23);
INSERT INTO friends (user_id, friend_id) VALUES (6, 24);
INSERT INTO friends (user_id, friend_id) VALUES (6, 30);
INSERT INTO friends (user_id, friend_id) VALUES (7, 18);
INSERT INTO friends (user_id, friend_id) VALUES (8, 10);
INSERT INTO friends (user_id, friend_id) VALUES (8, 16);
INSERT INTO friends (user_id, friend_id) VALUES (8, 24);
INSERT INTO friends (user_id, friend_id) VALUES (8, 25);
INSERT INTO friends (user_id, friend_id) VALUES (9, 15);
INSERT INTO friends (user_id, friend_id) VALUES (9, 20);
INSERT INTO friends (user_id, friend_id) VALUES (9, 21);
INSERT INTO friends (user_id, friend_id) VALUES (10, 24);
INSERT INTO friends (user_id, friend_id) VALUES (11, 12);
INSERT INTO friends (user_id, friend_id) VALUES (11, 21);
INSERT INTO friends (user_id, friend_id) VALUES (13, 24);
INSERT INTO friends (user_id, friend_id) VALUES (14, 20);
INSERT INTO friends (user_id, friend_id) VALUES (16, 20);
INSERT INTO friends (user_id, friend_id) VALUES (16, 26);
INSERT INTO friends (user_id, friend_id) VALUES (17, 18);
INSERT INTO friends (user_id, friend_id) VALUES (19, 21);
INSERT INTO friends (user_id, friend_id) VALUES (20, 29);
INSERT INTO friends (user_id, friend_id) VALUES (21, 27);
INSERT INTO friends (user_id, friend_id) VALUES (24, 25);
INSERT INTO friends (user_id, friend_id) VALUES (24, 26);
INSERT INTO friends (user_id, friend_id) VALUES (24, 27);
INSERT INTO friends (user_id, friend_id) VALUES (24, 29);
INSERT INTO friends (user_id, friend_id) VALUES (27, 29);
-- IMAGES
INSERT INTO images ( url, object_type, object_id) VALUES ( 'https://cdn.example.com/images/hauteur.jpg', 'users', 18);
INSERT INTO images ( url, object_type, object_id) VALUES ( 'https://cdn.example.com/images/cher.jpg', 'voyages', 12);
INSERT INTO images ( url, object_type, object_id) VALUES ( 'https://cdn.example.com/images/travailler.jpg', 'users', 29);
INSERT INTO images ( url, object_type, object_id) VALUES ( 'https://cdn.example.com/images/expliquer.jpg', 'users', 11);
INSERT INTO images ( url, object_type, object_id) VALUES ( 'https://cdn.example.com/images/déchirer.jpg', 'users', 1);
INSERT INTO images ( url, object_type, object_id) VALUES ( 'https://cdn.example.com/images/contre.jpg', 'users', 3);
INSERT INTO images ( url, object_type, object_id) VALUES ( 'https://cdn.example.com/images/amener.jpg', 'users', 21);
INSERT INTO images ( url, object_type, object_id) VALUES ( 'https://cdn.example.com/images/trou.jpg', 'voyages', 6);
INSERT INTO images ( url, object_type, object_id) VALUES ( 'https://cdn.example.com/images/rejoindre.jpg', 'voyages', 7);
INSERT INTO images ( url, object_type, object_id) VALUES ('https://cdn.example.com/images/menacer.jpg', 'users', 2);
INSERT INTO images ( url, object_type, object_id) VALUES ('https://cdn.example.com/images/écraser.jpg', 'users', 16);
INSERT INTO images ( url, object_type, object_id) VALUES ( 'https://cdn.example.com/images/accent.jpg', 'users', 14);
INSERT INTO images ( url, object_type, object_id) VALUES ( 'https://cdn.example.com/images/milieu.jpg', 'voyages', 1);
INSERT INTO images ( url, object_type, object_id) VALUES ( 'https://cdn.example.com/images/projet.jpg', 'users', 10);
INSERT INTO images ( url, object_type, object_id) VALUES ( 'https://cdn.example.com/images/engager.jpg', 'users', 24);
INSERT INTO images ( url, object_type, object_id) VALUES ( 'https://cdn.example.com/images/personne.jpg', 'users', 13);
INSERT INTO images ( url, object_type, object_id) VALUES ( 'https://cdn.example.com/images/fou.jpg', 'users', 15);
INSERT INTO images ( url, object_type, object_id) VALUES ( 'https://cdn.example.com/images/défaut.jpg', 'voyages', 4);
INSERT INTO images ( url, object_type, object_id) VALUES ( 'https://cdn.example.com/images/suffire.jpg', 'users', 19);
INSERT INTO images ( url, object_type, object_id) VALUES ( 'https://cdn.example.com/images/ensemble.jpg', 'users', 18);
INSERT INTO images (url, object_type, object_id) VALUES ('https://cdn.example.com/images/berlin.jpg', 'voyages', 1);
INSERT INTO images (url, object_type, object_id) VALUES ('https://cdn.example.com/images/madrid.jpg', 'voyages', 2);
INSERT INTO images (url, object_type, object_id) VALUES ('https://cdn.example.com/images/vienna.jpg', 'voyages', 3);
INSERT INTO images (url, object_type, object_id) VALUES ('https://cdn.example.com/images/amsterdam.jpg', 'voyages', 4);
INSERT INTO images (url, object_type, object_id) VALUES ('https://cdn.example.com/images/stockholm.jpg', 'voyages', 5);
INSERT INTO images (url, object_type, object_id) VALUES ('https://cdn.example.com/images/brussels.jpg', 'voyages', 6);
INSERT INTO images (url, object_type, object_id) VALUES ('https://cdn.example.com/images/copenhagen.jpg', 'voyages', 7);
INSERT INTO images (url, object_type, object_id) VALUES ('https://cdn.example.com/images/dubrovnik.jpg', 'voyages', 8);

INSERT INTO expenses (
  voyage_id,
  transport_amount,
  hotel_amount,
  restaurant_amount,
  activities_amount,
  currency
) VALUES
(1, 150.00, 400.00, 220.00, 100.00, 'EUR'),
(2, 180.00, 350.00, 260.00, 140.00, 'EUR'),
(3, 980.00, 1200.00, 600.00, 450.00, 'JPY'),
(4, 650.00, 900.00, 500.00, 300.00, 'USD'),
(5, 120.00, 420.00, 280.00, 130.00, 'EUR'),
(6, 200.00, 480.00, 300.00, 150.00, 'GBP'),
(7, 100.00, 300.00, 250.00, 120.00, 'MAD'),
(8, 700.00, 950.00, 400.00, 200.00, 'CAD');

INSERT INTO itinerary (voyage_id, day_number, activity) VALUES
(1, 1, 'Arrivée à Paris, installation à l’hôtel et promenade sur les quais de Seine.'),
(1, 2, 'Visite du Louvre et pique-nique au Jardin des Tuileries.'),
(1, 3, 'Tour Eiffel, Champs-Élysées et croisière sur la Seine.'),
(2, 1, 'Découverte du Colisée et du Forum romain.'),
(2, 2, 'Visite du Vatican et de la Chapelle Sixtine.'),
(2, 3, 'Balade à Trastevere et dîner italien typique.'),
(3, 1, 'Arrivée à Tokyo, découverte de Shibuya et du parc Yoyogi.'),
(3, 2, 'Visite d’Asakusa et du temple Sensō-ji.'),
(3, 3, 'Excursion au Mont Fuji et onsen traditionnel.'),
(4, 1, 'Arrivée à Manhattan, balade à Central Park.'),
(4, 2, 'Visite du MET et de l’Empire State Building.'),
(4, 3, 'Ferry pour la Statue de la Liberté et shopping à Soho.'),
(5, 1, 'Découverte de la Sagrada Familia et du Parc Güell.'),
(5, 2, 'Détente à la plage de Barceloneta.'),
(5, 3, 'Visite du quartier gothique et tapas en soirée.'),
(6, 1, 'Visite du British Museum et du quartier de Covent Garden.'),
(6, 2, 'Tour de Londres, Tower Bridge et croisière sur la Tamise.'),
(6, 3, 'Excursion à Windsor et retour au centre.'),
(7, 1, 'Arrivée à Marrakech, visite du souk et de la place Jemaa el-Fna.'),
(7, 2, 'Excursion dans le désert d’Agafay.'),
(7, 3, 'Détente dans un riad et hammam traditionnel.'),
(8, 1, 'Balade dans le Vieux-Montréal et visite du marché Jean-Talon.'),
(8, 2, 'Randonnée au Mont Royal.'),
(8, 3, 'Découverte du Biodôme et retour.');
